Workbook

Sheet 新聞稿資料庫
A1: 編號 | B1: 年度 | C1: 日期 | D1: 標題 | E1: 議題分類 | F1: 次要議題 | G1: 行動類型 | H1: 訴求對象 | I1: 政府回應 | J1: 新聞露出 | K1: 連結
A2: 1 | B2: 2023 | C2: 2023/03/29 | D2: 七成家長反對刪除懲戒權 管教不是暴力 家長不是兇手 捍衛家長合理管教權 反對缺乏配套的粗暴修法 | E2: 兒少保護 | G2: 新聞稿 | I2: 有 | J2: 新聞露出8篇 | K2: 20230329【國教行動聯盟新聞稿
A3: 2 | B3: 2023 | C3: 2023/05/11 | D3: 有效預防即時輔導降低霸凌傷害 國教盟與橄欖枝中心攜手防制霸凌 | E3: 校園安全 | G3: 新聞稿 | J3: 無 | K3: 20230511【國教行動聯盟新聞稿】
A4: 3 | B4: 2023 | C4: 2023/06/20 | D4: 教保人員辛苦了！ 國教盟呼籲家長信任幼教人員 勿因噎廢食、因小失大 | E4: 其他 | G4: 新聞稿 | J4: 新聞露出2篇 | K4: 20230620【國教行動聯盟新聞稿】
A5: 4 | B5: 2023 | C5: 2023/06/28 | D5: 有效預防 即時輔導 降低霸凌傷害 國教盟與高雄中山大學攜手防制校園霸凌 | E5: 校園安全 | G5: 新聞稿 | J5: 無 | K5: 20230628【國教行動聯盟新聞稿】
A6: 5 | B6: 2023 | C6: 2023/06/30 | D6: 給他魚吃，不如教他釣魚 提升學生競爭力應優先於學費補貼 教育經費運用應有更精緻化考量 | E6: 其他 | G6: 新聞稿 | J6: 新聞露出4篇 | K6: 20230630【國教行動聯盟新聞稿】
A7: 6 | B7: 2023 | C7: 2023/07/03 | D7: 支持合理管教，拒絕暴力發飆 國教盟呼籲重視家庭教育、家長也應學習求助 | E7: 其他 | G7: 新聞稿 | I7: 有 | J7: 新聞露出2篇 | K7: 20230703【國教行動聯盟新聞稿】
A8: 7 | B8: 2023 | C8: 2023/07/04 | D8: 【正視大麻趨勢與危害，研商保護青少年對策】 台灣第一次大麻防制論壇！ 青少年大麻防制刻不容緩！ 「2023臺灣青少年大麻防制因應對策論壇」 | E8: 大麻防制 | G8: 論壇 | J8: 新聞露出6篇 | K8: 20230704【國教行動聯盟新聞稿】
A9: 8 | B9: 2023 | C9: 2023/07/14 | D9: 肯定性平法修法方向 國教盟提醒仍須重視教育面、 基層學校需更多資源協助 | E9: 青少年性健康 | G9: 新聞稿 | J9: 新聞露出7篇 | K9: 20230714【國教行動聯盟新聞稿】
A10: 9 | B10: 2023 | C10: 2023/07/29 | D10: 肯定性別平等教育法三讀通過 國教盟提醒配套不足 呼籲對基層學校提供更多資源協助 | E10: 其他 | G10: 新聞稿 | I10: 有 | J10: 新聞露出5篇 | K10: 20230729【國教行動聯盟新聞稿】
A11: 10 | B11: 2023 | C11: 2023/08/22 | D11: 霸凌防制座談引發家長熱烈迴響 國教盟與橄欖枝中心、逆風劇團攜手防制校園霸凌 | E11: 校園安全 | G11: 座談會 | J11: 新聞露出4篇 | K11: 20230822【國教行動聯盟新聞稿】
A12: 11 | B12: 2023 | C12: 2023/08/31 | D12: 霸凌防制修法配套不足 預防及輔導才是重點 呼籲對學校提供法律資源、強化師生互動、建立學生互助網絡 | E12: 校園安全 | G12: 新聞稿 | J12: 新聞露出3篇 | K12: 20230831【國教行動聯盟新聞稿】
A13: 12 | B13: 2023 | C13: 2023/09/06 | D13: 加熱菸審查欠缺嚴格把關與本土研究 9.5萬青少年恐將成受害最大族群 | E13: 菸害防制 | G13: 新聞稿 | J13: 新聞露出11篇 | K13: 20230906【國教行動聯盟新聞稿】
A14: 13 | B14: 2023 | C14: 2023/10/23 | D14: 教育決定台灣未來！請問總統：許孩子什麼樣的未來？ 「2024年全國家長最關心的十大教育議題」問卷結果出爐！ 孩子的品格教育、校園安全、心理健康最被家長看重！ | E14: 校園安全 | F14: 心理健康 | G14: 新聞稿 | J14: 新聞露出24篇 | K14: 20231023【國教行動聯盟新聞稿】
A15: 14 | B15: 2023 | C15: 2023/11/13 | D15: 近四萬問卷九成三不同意大麻合法！ 民間團體呼籲落實反毒教育 釐清大麻迷思 | E15: 大麻防制 | G15: 新聞稿 | I15: 有 | J15: 新聞露出26篇 | K15: 20231113【國教行動聯盟新聞稿】
A16: 15 | B16: 2023 | C16: 2023/12/07 | D16: 推動友善校園、反霸凌、反歧視 應由增加輔導資源、落實品格與家庭教育做起 | E16: 校園安全 | G16: 新聞稿 | J16: 新聞露出5篇 | K16: 20231207【國教行動聯盟新聞稿】
A17: 16 | B17: 2023 | C17: 2023/12/11 | D17: 北一女教師罵課綱引關注 凸顯品格是教育重中之重 59教育團體14日邀總統候選人談教育理 | E17: 教育政策 | G17: 新聞稿 | I17: 有 | J17: 新聞露出21篇 | K17: 20231211【國教行動聯盟新聞稿】
A18: 17 | B18: 2023 | C18: 2023/12/27 | D18: 曝險少年輔導多頭馬車 校園攻擊並非偶然 國教盟呼籲檢討相關制度 | E18: 校園安全 | F18: 兒少保護 | G18: 新聞稿 | I18: 有 | J18: 新聞露出28篇 | K18: 20231227【國教行動聯盟新聞稿】
A19: 18 | B19: 2024 | C19: 2024/01/09 | D19: 補保護漏洞 和黑幫搶人 勿讓今日少年犯，成為明日成年犯！ 應確實檢討少保官未發揮效用、少輔會功能限縮問題 | E19: 兒少保護 | G19: 新聞稿 | I19: 有 | J19: 新聞露出24篇 | K19: 20240109【國教行動聯盟新聞稿】
A20: 19 | B20: 2024 | C20: 2024/01/11 | D20: 補校安漏洞 幫非行少年 預防少年殺人事件再度發生 應落實三級處遇輔導、中介教育、三級預防 | E20: 校園安全 | F20: 兒少保護 | G20: 新聞稿 | I20: 有 | J20: 新聞露出31篇 | K20: 20240111【國教行動聯盟新聞稿】
A21: 20 | B21: 2024 | C21: 2024/01/19 | D21: 少年犯罪日益嚴重 新北殺人事件並非偶然 國教盟呼籲檢討相關制度 | E21: 兒少保護 | G21: 新聞稿 | J21: 新聞露出26篇 | K21: 20240119【國教行動聯盟新聞稿】
A22: 21 | B22: 2024 | C22: 2024/02/03 | D22: 避免今日的非行少年，成為明日的成人罪犯親職教育 國教盟肯定教育部強化校園輔導管教與安檢措施 應落實家庭親職教育，校安輔導人力、中介教育、個管銜接仍待補足 | E22: 校園安全 | F22: 兒少保護 | G22: 新聞稿 | H22: 教育部 | I22: 有 | J22: 新聞露出13篇 | K22: 20240203【國教行動聯盟新聞稿】
A23: 22 | B23: 2024 | C23: 2024/02/24 | D23: 補社安漏洞 幫非行少年 預防少年殺人事件再度發生 建請司法院召集跨院協商會議 確實檢討少年事件處理 暨保護制度 | E23: 兒少保護 | G23: 新聞稿 | H23: 司法院 | I23: 有 | J23: 新聞露出22篇 | K23: 20240224【國教行動聯盟＆「孩想陪你長大」聯盟聯合新聞稿】
A24: 23 | B24: 2024 | C24: 2024/03/14 | D24: 家長再爆：菸商不怕罰 昨被稽查今繼續行銷加熱菸 家長團體：依法按次裁罰 每次5,000萬元! | E24: 菸害防制 | G24: 新聞稿 | J24: 新聞露出19篇 | K24: 20240314【國教行動聯盟與拒菸盟聯合新聞稿】
A25: 24 | B25: 2024 | C25: 2024/03/19 | D25: 回應立法院教文委員會昨日報告詢答： 少保官未見檢討 曝險少年定義狹隘 中介教育空中樓閣 是真心檢討還是虛晃一招？ | E25: 兒少保護 | G25: 新聞稿 | H25: 立法院 | I25: 有 | J25: 新聞露出11篇 | K25: 20240319【國教行動聯盟新聞稿】
A26: 25 | B26: 2024 | C26: 2024/04/10 | D26: 回顧410教改30週年 國教盟期盼深化教育對話 推動教育進 | E26: 教育政策 | G26: 新聞稿 | J26: 新聞露出15篇 | K26: 20240410【國教行動聯盟新聞稿】
A27: 26 | B27: 2024 | C27: 2024/04/12 | D27: 國教盟肯定新內閣教長人選 期盼推動教育精緻化 檢討教育缺失 共推教育進 | E27: 教育政策 | G27: 新聞稿 | H27: 行政院 | J27: 新聞露出11篇 | K27: 20240412【國教行動聯盟新聞稿】
A28: 27 | B28: 2024 | C28: 2024/04/17 | D28: 國教盟回應霸凌準則修正： 肯定教育部勇於面對問題 回應民間團體訴求 相關配套措施 應儘速啟動 | E28: 校園安全 | G28: 新聞稿 | H28: 教育部 | I28: 有 | J28: 新聞露出17篇 | K28: 20240417【國教行動聯盟新聞稿】
A29: 28 | B29: 2024 | C29: 2024/04/24 | D29: 補校安漏洞 幫非行少年 預防少年殺人事件再度發生 回應學生輔導法修法 國教盟提出三大訴求 | E29: 校園安全 | F29: 兒少保護 | G29: 新聞稿 | I29: 有 | J29: 新聞露出25篇 | K29: 20240424【國教行動聯盟新聞稿】
A30: 29 | B30: 2024 | C30: 2024/05/01 | D30: 回應國中小學生獎懲準則發布 國教盟提出三大疑慮 | E30: 校園安全 | G30: 新聞稿 | I30: 有 | J30: 新聞露出60篇 | K30: 20240501【國教行動聯盟新聞稿】
A31: 30 | B31: 2024 | C31: 2024/05/30 | D31: 回應鄭英耀部長提出課綱微調 國教盟表達對課綱三大訴求 | E31: 教育政策 | G31: 新聞稿 | I31: 有 | J31: 新聞露出33篇 | K31: 20240530【國教行動聯盟新聞稿】
A32: 31 | B32: 2024 | C32: 2024/06/06 | D32: 菸商要求速審開放加熱菸 ~目標鎖定百萬台灣年輕人 ?! 「減害」「避免黑市、走私」「損失菸捐 稅收」是誤導說法 台灣拒菸聯盟：衛福部職責是維護國人健康 應依法確實管控加熱菸！ | E32: 菸害防制 | G32: 新聞稿 | H32: 衛福部 | J32: 新聞露出20篇 | K32: 20240606【國教行動聯盟新聞稿】
A33: 32 | B33: 2024 | C33: 2024/06/14 | D33: 台灣需要什麼樣的性教育？ 家長本土化性教育問卷結果出爐！ 支持「全面性教育」應適當調整以符合本土需求 | E33: 青少年性健康 | G33: 新聞稿 | I33: 有 | J33: 新聞露出27篇 | K33: 20240614【國教行動聯盟新聞稿】
A34: 33 | B34: 2024 | C34: 2024/07/09 | D34: 補校安漏洞 幫非行少年 預防少年殺人事件再度發生 肯定學生輔導法修法符合期待 將有助防制校園霸凌、提升心理健康 | E34: 校園安全 | F34: 兒少保護 | G34: 新聞稿 | I34: 有 | J34: 新聞露出16篇 | K34: 20240709【國教行動聯盟新聞稿】
A35: 34 | B35: 2024 | C35: 2024/07/17 | D35: 電子煙氾濫是毒駕男撞死三重警背後主因 煙毒不分家 徹底禁絕電子煙才是根本之 | E35: 菸害防制 | G35: 新聞稿 | J35: 新聞露出6篇 | K35: 20240717【國教行動聯盟新聞稿】
A36: 35 | B36: 2024 | C36: 2024/08/30 | D36: 推翻前朝承諾？ 司法院、行政院少事會議決議迄未落實 國教盟呼籲應痛定思痛 不要讓下一個少年喪命 | E36: 其他 | G36: 新聞稿 | H36: 司法院、行政院 | I36: 有 | J36: 新聞露出15篇 | K36: 20240830【國教行動聯盟新聞稿】
A37: 36 | B37: 2024 | C37: 2024/09/06 | D37: AI使用疑慮風險高 切勿操之過及 教育部應先建立倫理規範 避免未蒙其利先受其害 | E37: 教育政策 | G37: 新聞稿 | H37: 教育部 | I37: 有 | J37: 新聞露出23篇 | K37: 20240906【國教行動聯盟新聞稿】
A38: 37 | B38: 2024 | C38: 2024/09/20 | D38: 新北割頸案凸顯少保調 查官角色衝突 人力長期不足 保護缺乏力度 國教盟呼籲:勿讓「假人權」保護傘成為犯罪溫床 | E38: 校園安全 | F38: 兒少保護 | G38: 新聞稿 | J38: 新聞露出14篇 | K38: 20240920【國教行動聯盟新聞稿】
A39: 38 | B39: 2024 | C39: 2024/09/24 | D39: 蠟瓶糖之亂 光下架不是解決之道 應建立完整的報關與查驗機制 並強化食安教育 保護兒少健康與消費權益 | E39: 青年參與 | G39: 新聞稿 | I39: 有 | J39: 新聞露出22篇 | K39: 20240924【國教行動聯盟青年部新聞稿】
A40: 39 | B40: 2024 | C40: 2024/09/27 | D40: 教師節教師不快樂，表單填寫成為教師噩夢 國教盟強烈要求：行政減量應有實際作為 | E40: 校園安全 | G40: 新聞稿 | I40: 有 | J40: 新聞露出8篇 | K40: 20240927【國教行動聯盟新聞稿】
A41: 40 | B41: 2024 | C41: 2024/09/30 | D41: 國教盟聲援楊生父親 向立委遞交十大訴求： 呼籲檢討少年事件處理漏洞，拒 絕再有無辜少年犧牲 | E41: 兒少保護 | G41: 新聞稿 | H41: 立法院 | I41: 有 | J41: 新聞露出54篇 | K41: 20240930【國教行動聯盟新聞稿】
A42: 41 | B42: 2024 | C42: 2024/10/09 | D42: 「世界心理健康日」公布職場心理健康調 查 七成六認工作壓力危害心理健康 九成五支持彈性工時 國教盟呼籲政府強化職場心理健康相關政策 | E42: 心理健康 | G42: 新聞稿 | I42: 有 | J42: 新聞露出15篇 | K42: 20241009【國教行動聯盟新聞稿】
A43: 42 | B43: 2024 | C43: 2024/10/17 | D43: 國際專家認證3C成癮危害兒少大腦與情緒發展 國教盟呼籲正視「小烏龜世代」危機 | E43: 教育政策 | G43: 新聞稿 | I43: 有 | J43: 新聞露出22篇 | K43: 20241017【國教行動聯盟新聞稿】
A44: 43 | B44: 2024 | C44: 2024/10/19 | D44: 電子煙隱患釀慘劇！15歲少年無照駕駛奪3命, 揭露青少年健康與社會風險！ | E44: 菸害防制 | G44: 新聞稿 | I44: 有 | J44: 新聞露出19篇 | K44: 20241019【國教行動聯盟聯合新聞稿】
A45: 44 | B45: 2024 | C45: 2024/10/21 | D45: 煙毒不分家！電子煙載具已成吸毒工具 衛福部對新興菸品查緝不力是主因 | E45: 菸害防制 | G45: 新聞稿 | H45: 衛福部 | I45: 有 | J45: 新聞露出24篇 | K45: 20241021【國教行動聯盟新聞稿】
A46: 45 | B46: 2024 | C46: 2024/11/05 | D46: 「校園電子煙防制遇困境：缺乏檢測設備與懲戒標準不一」 國教盟呼籲儘速改善 | E46: 菸害防制 | G46: 新聞稿 | I46: 有 | J46: 新聞露出34篇 | K46: 20241105【國教行動聯盟新聞稿】
A47: 46 | B47: 2024 | C47: 2024/11/07 | D47: 美籍性罪犯入境後行蹤成謎，家長群組炸鍋 國教盟呼籲政府應立即解密傳達全民！ | E47: 其他 | G47: 新聞稿 | I47: 有 | J47: 新聞露出8篇 | K47: 20241107【國教行動聯盟新聞稿】
A48: 47 | B48: 2024 | C48: 2024/11/08 | D48: 電子煙毒防制大作戰 應全面升級、投入資源！ 國教盟建議推動四大重點措施 | E48: 菸害防制 | G48: 新聞稿 | J48: 新聞露出2篇 | K48: 20241108【國教行動聯盟新聞稿】
A49: 48 | B49: 2024 | C49: 2024/11/29 | D49: 家長懲戒權等於暴力虐待？ 七成家長反對粗暴修法：政府在踐踏親權！ | E49: 兒少保護 | G49: 新聞稿 | I49: 有 | J49: 新聞露出30篇 | K49: 20241129【國教行動聯盟新聞稿】
A50: 49 | B50: 2024 | C50: 2024/11/29 | D50: 肯定學生輔導法修法回應教育現場需求 國教盟呼籲應儘速落實相關配 | E50: 其他 | G50: 新聞稿 | I50: 有 | J50: 新聞露出30篇 | K50: 20241129【國教行動聯盟新聞稿】
A51: 50 | B51: 2024 | C51: 2024/12/03 | D51: 校安通報暴力與偏差行為事件國小占 34%、管教衝突占45%， 台中事件揭示校園安全危機與困境 | E51: 校園安全 | G51: 新聞稿 | I51: 有 | J51: 新聞露出29篇 | K51: 20241203【國教行動聯盟新聞稿】
A52: 51 | B52: 2024 | C52: 2024/12/10 | D52: 青少年吸菸報告疑點重重：加熱菸數據消失，國健署刻意隱匿？ 國教行動聯盟譴責拒菸政策推動停滯不前 | E52: 菸害防制 | G52: 新聞稿 | H52: 衛福部 | J52: 新聞露出4篇 | K52: 20241210【國教行動聯盟新聞稿】
A53: 52 | B53: 2024 | C53: 2024/12/10 | D53: 健康台灣從學童健康開始！ 專家家長齊呼：乳品政策要配套不要倒退 | E53: 教育政策 | G53: 新聞稿 | J53: 新聞露出12篇 | K53: 20241210【董氏基金會與國教盟聯合新聞稿】
A54: 53 | B54: 2024 | C54: 2024/12/11 | D54: 「這世代的心聲」 2025台灣青年十大議題調查開跑！ | E54: 青年參與 | G54: 新聞稿 | I54: 有 | J54: 新聞露出31篇 | K54: 20241211【國教行動聯盟青年部新聞稿】
A55: 54 | B55: 2024 | C55: 2024/12/13 | D55: 從蠟瓶糖到痘痘雞：廉價玩具再現監管漏洞，家長如何不擔心？ 國教盟呼籲：加強檢驗與教育宣導、落實網路平台責任 | E55: 青年參與 | G55: 新聞稿 | I55: 有 | J55: 新聞露出26篇 | K55: 20241213【國教行動聯盟青年部新聞稿】
A56: 55 | B56: 2024 | C56: 2024/12/23 | D56: 回應立法院「因應數位時代， 啟動性別平等教育2.0」公聽會 性別平等教育2.0引領變革 國教盟呼籲打造親師生協作的本土性教育 | E56: 青少年性健康 | G56: 公聽會 | H56: 立法院 | I56: 有 | J56: 新聞露出10篇 | K56: 20241223【國教行動聯盟新聞稿】
A57: 56 | B57: 2024 | C57: 2024/12/25 | D57: 割頸案周年 改革刻不容緩 政策停滯不前 別再讓家庭在聖誕節少一人！ | E57: 校園安全 | F57: 兒少保護 | G57: 新聞稿 | I57: 有 | J57: 新聞露出14篇 | K57: 20241225【國教行動聯盟新聞稿】
A58: 57 | B58: 2025 | C58: 2025/01/02 | D58: 落實「健康台灣」願景 保障兒童健康未來 全國教育團體緊急呼籲行政院重新 啟動「生生喝國產乳」計畫 | E58: 教育政策 | G58: 新聞稿 | H58: 行政院 | I58: 有 | J58: 新聞露出42篇 | K58: 20250102【國教行動聯盟新聞稿】
A59: 58 | B59: 2025 | C59: 2025/01/09 | D59: 公聽會家長聲音缺席，如何落實兒童最佳利益？ 國教盟訴求政策缺失並提出修法建議 | E59: 其他 | G59: 公聽會 | J59: 新聞露出4篇 | K59: 20250109【國教行動聯盟新聞稿】
A60: 59 | B60: 2025 | C60: 2025/01/10 | D60: 菸防法修法兩週年 台灣加熱菸、加味菸管制陷入困境！ 家長團體強烈呼籲政府應堅持立場 守護年輕人健康！ | E60: 菸害防制 | G60: 新聞稿 | J60: 新聞露出16篇 | K60: 20250110【國教行動聯盟新聞稿】
A61: 60 | B61: 2025 | C61: 2025/01/13 | D61: 青少年每10萬人有50.34人感染 12年來淋病暴增七倍 國教盟呼籲衛福部應立即採取行動回應青少年性健康危機 | E61: 青少年性健康 | G61: 新聞稿 | H61: 衛福部 | I61: 有 | J61: 新聞露出40篇 | K61: 20250113【國教行動聯盟新聞稿】
A62: 61 | B62: 2025 | C62: 2025/01/15 | D62: 青少女梅毒病例10年增長53倍，性病低齡化問題浮現 國教盟與三黨立委緊急呼籲：青少年性病防治刻不容緩 | E62: 青少年性健康 | G62: 新聞稿 | H62: 立法院 | I62: 有 | J62: 新聞露出71篇 | K62: 20250115【國教行動聯盟新聞稿】
A63: 62 | B63: 2025 | C63: 2025/01/17 | D63: 小學三年級染性病是怎麼回事？ 青少年性病暴增是「PrEP計畫篩檢」的結果？ 國教盟質疑疾管署：數據真相不容粉飾 !別再模糊焦點！ | E63: 青少年性健康 | G63: 新聞稿 | H63: 衛福部 | I63: 有 | J63: 新聞露出8篇 | K63: 20250117【國教行動聯盟新聞稿】
A64: 63 | B64: 2025 | C64: 2025/01/21 | D64: 全台首次！8743 份問卷揭示「這世代的心聲」! 國教盟青年部公布「2025 年台灣青少年最關心的十大議題」調 查結果！ 從假訊息防治到校園安全，為弟弟妹妹點亮成長的契機 | E64: 校園安全 | F64: 青年參與 | G64: 新聞稿 | J64: 新聞露出25篇 | K64: 20250121【國教行動聯盟青年部新聞稿】
A65: 64 | B65: 2025 | C65: 2025/01/22 | D65: 2024台灣十大性與情感教育新聞事件出爐！ 「健康台灣」不「性」福 健康安全亮紅燈 營造健康親密關係，十項警訊務必注意！ —校長、教師、家長、醫師、公衛學者、 心理學家與家庭教育工作者攜手發聲，推動青少年健康與安全未來！ | E65: 其他 | G65: 新聞稿 | J65: 新聞露出9篇 | K65: 20250122【國教行動聯盟、台灣性教育學會、 華人情感教育發展協會 聯合新聞稿】
A66: 65 | B66: 2025 | C66: 2025/01/26 | D66: 別讓加熱菸毀了你的假期！ 年節出國帶加熱菸回台 自用送禮代購都違法 加熱菸無法幫助戒菸 一樣傷身有成癮危害 | E66: 菸害防制 | G66: 新聞稿 | J66: 新聞露出11篇 | K66: 20250126【國教行動聯盟新聞稿】
A67: 66 | B67: 2025 | C67: 2025/02/13 | D67: 徒法不足以自行 兒少權法修法恐適得其反？ 國教盟：強化家庭與教育支持才是關鍵！ | E67: 兒少保護 | G67: 新聞稿 | J67: 新聞露出5篇 | K67: 20250213【國教行動聯盟新聞稿】
A68: 67 | B68: 2025 | C68: 2025/02/14 | D68: 情人節賴清德總統承諾跳票？ 罔顧青少年成癮危機？「健康台灣」淪為空談？ 菸防法公布屆滿兩年 請衛福部立即公告「全面禁止加味菸」 ! | E68: 菸害防制 | G68: 新聞稿 | H68: 衛福部 | J68: 新聞露出12篇 | K68: 20250214【國教行動聯盟新聞稿】
A69: 68 | B69: 2025 | C69: 2025/02/20 | D69: 兒少權修法應具體回應青少年需求 國教盟調查十大關注議題揭示未竟之處！ | E69: 兒少保護 | G69: 新聞稿 | J69: 新聞露出3篇 | K69: 20250220【國教行動聯盟青年部新聞稿】
A70: 69 | B70: 2025 | C70: 2025/03/06 | D70: 菸防法修法草案存漏洞 難擋喪屍煙彈校園氾濫 國教盟呼籲比照食安法加強對平台之監管及罰則 | E70: 菸害防制 | G70: 新聞稿 | J70: 新聞露出15篇 | K70: 20250306【國教行動聯盟新聞稿】
A71: 70 | B71: 2025 | C71: 2025/03/07 | D71: 青少年性病飆升、墮胎嚴重、非預期懷孕增加 政府該加強的是性教育，不是避孕藥！ | E71: 青少年性健康 | G71: 新聞稿 | J71: 新聞露出3篇 | K71: 20250307【國教行動聯盟新聞稿】
A72: 71 | B72: 2025 | C72: 2025/03/11 | D72: 喪屍煙彈年增132倍！菸防法修法草案卻未禁持有！ 六大團體呼籲補強修法漏洞 避免毒品電子煙持續危害青少年！ | E72: 菸害防制 | G72: 新聞稿 | I72: 有 | J72: 新聞露出34篇 | K72: 20250311【國教行動聯盟新聞稿】
A73: 72 | B73: 2025 | C73: 2025/03/17 | D73: 情緒障礙飆升41%！國教盟籲校園手機使用聚焦內容管理、培養學生數位韌性 | E73: 心理健康 | F73: 教育政策 | G73: 新聞稿 | I73: 有 | J73: 新聞露出7篇 | K73: 20250317【國教行動聯盟新聞稿】
A74: 73 | B74: 2025 | C74: 2025/03/24 | D74: 早療通報再創新高 療育量能遠遠不足 八年來超過22萬名兒童錯失黃金治療期！ 國教盟呼籲增加量能、檢討制度！ | E74: 早期療育 | G74: 新聞稿 | I74: 有 | J74: 新聞露出27篇 | K74: 20250324【國教行動聯盟新聞稿】
A75: 74 | B75: 2025 | C75: 2025/04/17 | D75: 新興菸品肆虐 校園危機加劇 呼籲修法徹底封堵漏洞 國教盟等拒菸團體提出「保護兒少遠離菸害」六大訴求 | E75: 菸害防制 | G75: 新聞稿 | J75: 新聞露出10篇 | K75: 20250417【國教行動聯盟新聞稿】
A76: 75 | B76: 2025 | C76: 2025/04/23 | D76: 「423嬰兒 兒童 青少年 精神衛生日」 半年內同一學校3名國中生輕生 國教盟呼籲衛福部、教育部：健康檢 查全面納入心理篩檢 | E76: 心理健康 | G76: 新聞稿 | H76: 教育部、衛福部 | I76: 有 | J76: 新聞露出16篇 | K76: 20250423【國教行動聯盟新聞稿】
A77: 76 | B77: 2025 | C77: 2025/04/24 | D77: 青少年說：我們不想再被毒駕撞傷！ 國教盟青年部呼籲正視電子菸毒害、修法禁 絕駕駛毒駕開車！ | E77: 菸害防制 | F77: 青年參與 | G77: 新聞稿 | I77: 有 | J77: 新聞露出17篇 | K77: 20250424【國教行動聯盟青年部新聞稿】
A78: 77 | B78: 2025 | C78: 2025/04/30 | D78: 『看見不同，孩子的未來不是病名』 國教盟暨三黨立委呼籲正名「神經多樣性」 同時提升兒少心理健康就醫率 | E78: 心理健康 | G78: 新聞稿 | H78: 立法院 | I78: 有 | J78: 新聞露出29篇 | K78: 20250430【國教行動聯盟新聞稿】
A79: 78 | B79: 2025 | C79: 2025/05/12 | D79: 「精液豆漿」考卷惹議 性教育專業破功！ 家長怒轟師資失格，國教盟提四訴求要求教育部公開回應 | E79: 青少年性健康 | G79: 新聞稿 | H79: 教育部 | I79: 有 | J79: 新聞露出67篇 | K79: 20250512【國教行動聯盟新聞稿】
A80: 79 | B80: 2025 | C80: 2025/05/14 | D80: 共同跨域網絡守護青少年身心與數位健康 | E80: 教育政策 | G80: 新聞稿 | I80: 有 | J80: 新聞露出26篇 | K80: 20250514【國教行動聯盟新聞稿】
A81: 80 | B81: 2025 | C81: 2025/05/22 | D81: 92%民意怒吼、每年20幼童遭虐枉死！ 國教盟公布8,700份問卷調查結果 籲修法兒虐致死『終身監禁不得假釋＋強制治療』 | E81: 兒少保護 | G81: 新聞稿 | I81: 有 | J81: 新聞露出20篇 | K81: 20250522【國教行動聯盟新聞稿】
A82: 81 | B82: 2025 | C82: 2025/05/29 | D82: 健康促進學校邊緣化性健康 造成青少年性病飆升 國教盟促教育部啟動青少年性健康緊急方案 | E82: 青少年性健康 | G82: 新聞稿 | H82: 教育部 | I82: 有 | J82: 新聞露出27篇 | K82: 20250529【國教行動聯盟新聞稿】
A83: 82 | B83: 2025 | C83: 2025/06/03 | D83: 七國專家聚焦毒品危機 大麻與依托咪酯威脅台灣青少年 | E83: 菸害防制 | F83: 大麻防制 | G83: 新聞稿 | I83: 有 | J83: 新聞露出1篇 | K83: 20250603【國教行動聯盟＆台灣共善促進協會 新聞稿】
A84: 83 | B84: 2025 | C84: 2025/06/05 | D84: 學習歷程採計不該成為考驗信任的軍備競賽！ 國教盟暨台大張耀文教授呼籲：廢除弊大於利的學習歷程採計，才能確保入學公平性 | E84: 教育政策 | G84: 新聞稿 | I84: 有 | J84: 新聞露出54篇 | K84: 20250605【國教行動聯盟新聞稿】
A85: 84 | B85: 2025 | C85: 2025/06/10 | D85: 助神經多樣性青少年獨立 生活導師扮橋梁 | E85: 心理健康 | G85: 新聞稿 | J85: 新聞露出12篇 | K85: 20250610【國教行動聯盟新聞稿】
A86: 85 | B86: 2025 | C86: 2025/06/21 | D86: 2025台灣青少年神經多樣性生活導師國際研討會登場 從理解到實踐，創造台灣在地的青少年神經多樣性支持制度 | E86: 心理健康 | G86: 研討會 | I86: 有 | J86: 新聞露出34篇 | K86: 20250621【亞東紀念醫院、台灣青少年神經多樣性行動協會、 立法委員林月琴國會辦公室、國教行動聯盟新聞稿】
A87: 86 | B87: 2025 | C87: 2025/06/25 | D87: 健康重要，還是錢重要？ 解決走私加熱菸應追究菸商責任，而非讓審 查放水 | E87: 菸害防制 | G87: 新聞稿 | J87: 新聞露出19篇 | K87: 20250625【國教行動聯盟＆台灣共善促進協會 &拒菸聯盟 新聞稿】
A88: 87 | B88: 2025 | C88: 2025/07/10 | D88: 分科測驗倒數24h世紀烏龍──建臺高中報錯23名頂標生 國教盟轟：教育部、高教司與大考中心勿推卸責任！ | E88: 教育政策 | G88: 新聞稿 | H88: 教育部 | I88: 有 | J88: 新聞露出55篇 | K88: 20250710【國教行動聯盟新聞稿】
A89: 88 | B89: 2025 | C89: 2025/07/11 | D89: 構築未來：打造「兒少家庭部」 跨部治理與政策整合藍圖 論壇 兒少權益不只是保護，支持家庭親職發展才是根本 民團舉辦論壇，呼籲跨部會整合打造「兒少家庭部」 | E89: 兒少保護 | G89: 論壇 | I89: 有 | J89: 新聞露出8篇 | K89: 20250711【全國婦兒團體聯盟＆國教行動聯盟＆兒童健康聯盟 新聞稿】
A90: 89 | B90: 2025 | C90: 2025/07/23 | D90: 逾八成愛奇兒暑期學習斷線 國教盟、天使心家族基金會呼籲政府補上教育與照顧的缺口 | E90: 青年參與 | G90: 新聞稿 | I90: 有 | J90: 新聞露出19篇 | K90: 20250723【財團法人天使心家族社會福利基金會＆國教行動聯盟 聯合新聞稿】
A91: 90 | B91: 2025 | C91: 2025/07/31 | D91: 沒有暑假的未成年（兒少）照顧者 —3%孩子獨力照顧、 82%感孤單，教育部衛福部須即刻行動 | E91: 其他 | G91: 新聞稿 | H91: 教育部、衛福部 | I91: 有 | J91: 新聞露出12篇 | K91: 20250731【國教行動聯盟新聞稿】
A92: 91 | B92: 2025 | C92: 2025/08/19 | D92: 從「精液豆漿」到「偽CSE」：教育部開學前把風險帶進教室？ 國教署「全面性教育教學指引」十大破口 一旦入校＝隱私外洩、校安爆量、性健康倒退 | E92: 校園安全 | F92: 青少年性健康 | G92: 新聞稿 | H92: 教育部 | I92: 有 | J92: 新聞露出34篇 | K92: 20250819【國教行動聯盟、台灣性教育學會 聯合新聞稿】
A93: 92 | B93: 2025 | C93: 2025/08/26 | D93: 主動聆聽值得肯定—被慰留後的教育部長2.0是否決心改變？ 教育問題不只四題—從「全面性教育教學指引」看見教師專業失守 國教盟呼籲部長中止手冊、公開名單決策鏈、 啟動追責 | E93: 青少年性健康 | G93: 新聞稿 | H93: 教育部 | J93: 新聞露出1篇 | K93: 20250826【國教行動聯盟新聞稿】
A94: 93 | B94: 2025 | C94: 2025/08/28 | D94: 「務實、傾聽」-對新內閣閣員提出三點期待 國教盟呼籲新內閣應將兒少權益列為施政重心 | E94: 兒少保護 | F94: 教育政策 | G94: 新聞稿 | H94: 行政院 | J94: 新聞露出4篇 | K94: 20250828【國教行動聯盟新聞稿】
A95: 94 | B95: 2025 | C95: 2025/09/15 | D95: 「延後上學不能只改鐘點」： 國教盟主張以課綱、配套與家長需求一併檢討 | E95: 心理健康 | F95: 教育政策 | G95: 新聞稿 | I95: 有 | J95: 新聞露出34篇 | K95: 20250915【國教行動聯盟新聞稿】
A96: 95 | B96: 2025 | C96: 2025/10/10 | D96: 世界心理健康日： 肯定政策進步，呼籲「災後情緒危機處理」成為政府標配 服務的可近性不只「看診」：先陪伴、後轉介，讓受災孩子與家庭長出心理韌性 | E96: 心理健康 | G96: 新聞稿 | J96: 新聞露出3篇 | K96: 20251010【國教行動聯盟、台灣心理健康聯盟 聯合新聞稿】
A97: 96 | B97: 2025 | C97: 2025/10/20 | D97: 2025年台灣青少年最關心的十大議題 「分辨網路資訊」高居第1名 國教盟青年部呼籲：列入課綱、師資增能、落實檢核 | E97: 教育政策 | F97: 青年參與 | G97: 新聞稿 | I97: 有 | J97: 新聞露出24篇 | K97: 20251020【國教行動聯盟青年部新聞稿】
A98: 97 | B98: 2025 | C98: 2025/10/20 | D98: 事實勝過帶風向：加熱菸首日下架 政府執法、兒少優先 國教盟與執法同一陣線：嚴辦違規與年輕化宣傳 | E98: 菸害防制 | G98: 新聞稿 | I98: 有 | J98: 新聞露出83篇 | K98: 20251020【國教行動聯盟新聞稿】
A99: 98 | B99: 2025 | C99: 2025/10/21 | D99: 家長×教師×校長×專業團體聯合聲明 捍衛政府執法，拒絕菸商帶風向 力挺依法下架違法加熱菸，堅決守護兒少健康 | E99: 菸害防制 | G99: 聯合聲明 | I99: 有 | J99: 新聞露出83篇 | K99: 20251021【國教行動聯盟聯合聲明新聞稿】
A100: 99 | B100: 2025 | C100: 2025/10/24 | D100: 第二家日本菸草公司 製造銷售加熱菸也違法展示? 國教行動聯盟向國健署檢舉 重申任何菸品、加熱菸載具 皆不得以任何形式廣告宣傳 | E100: 菸害防制 | G100: 新聞稿 | H100: 衛福部 | J100: 新聞露出7篇 | K100: 20251024【國教行動聯盟新聞稿】
...

Sheet 議題追蹤總覽
A1: 議題分類 | B1: 2023 | C1: 2024 | D1: 2025 | E1: 合計 | F1: 倡議現況 | G1: 下一步行動
A2: 兒少保護 | B2: =COUNTIFS(新聞稿資料庫!$E:$E,A2,新聞稿資料庫!$B:$B,"2023") -> 1 | C2: =COUNTIFS(新聞稿資料庫!$E:$E,A2,新聞稿資料庫!$B:$B,"2024") -> 6 | D2: =COUNTIFS(新聞稿資料庫!$E:$E,A2,新聞稿資料庫!$B:$B,"2025") -> 7 | E2: =SUM(B2:D2) -> 14
A3: 其他 | B3: =COUNTIFS(新聞稿資料庫!$E:$E,A3,新聞稿資料庫!$B:$B,"2023") -> 4 | C3: =COUNTIFS(新聞稿資料庫!$E:$E,A3,新聞稿資料庫!$B:$B,"2024") -> 3 | D3: =COUNTIFS(新聞稿資料庫!$E:$E,A3,新聞稿資料庫!$B:$B,"2025") -> 5 | E3: =SUM(B3:D3) -> 12
A4: 大麻防制 | B4: =COUNTIFS(新聞稿資料庫!$E:$E,A4,新聞稿資料庫!$B:$B,"2023") -> 2 | C4: =COUNTIFS(新聞稿資料庫!$E:$E,A4,新聞稿資料庫!$B:$B,"2024") -> 0 | D4: =COUNTIFS(新聞稿資料庫!$E:$E,A4,新聞稿資料庫!$B:$B,"2025") -> 0 | E4: =SUM(B4:D4) -> 2
A5: 心理健康 | B5: =COUNTIFS(新聞稿資料庫!$E:$E,A5,新聞稿資料庫!$B:$B,"2023") -> 0 | C5: =COUNTIFS(新聞稿資料庫!$E:$E,A5,新聞稿資料庫!$B:$B,"2024") -> 1 | D5: =COUNTIFS(新聞稿資料庫!$E:$E,A5,新聞稿資料庫!$B:$B,"2025") -> 9 | E5: =SUM(B5:D5) -> 10
A6: 教育政策 | B6: =COUNTIFS(新聞稿資料庫!$E:$E,A6,新聞稿資料庫!$B:$B,"2023") -> 1 | C6: =COUNTIFS(新聞稿資料庫!$E:$E,A6,新聞稿資料庫!$B:$B,"2024") -> 6 | D6: =COUNTIFS(新聞稿資料庫!$E:$E,A6,新聞稿資料庫!$B:$B,"2025") -> 6 | E6: =SUM(B6:D6) -> 13
A7: 早期療育 | B7: =COUNTIFS(新聞稿資料庫!$E:$E,A7,新聞稿資料庫!$B:$B,"2023") -> 0 | C7: =COUNTIFS(新聞稿資料庫!$E:$E,A7,新聞稿資料庫!$B:$B,"2024") -> 0 | D7: =COUNTIFS(新聞稿資料庫!$E:$E,A7,新聞稿資料庫!$B:$B,"2025") -> 1 | E7: =SUM(B7:D7) -> 1
A8: 校園安全 | B8: =COUNTIFS(新聞稿資料庫!$E:$E,A8,新聞稿資料庫!$B:$B,"2023") -> 7 | C8: =COUNTIFS(新聞稿資料庫!$E:$E,A8,新聞稿資料庫!$B:$B,"2024") -> 10 | D8: =COUNTIFS(新聞稿資料庫!$E:$E,A8,新聞稿資料庫!$B:$B,"2025") -> 4 | E8: =SUM(B8:D8) -> 21
A9: 菸害防制 | B9: =COUNTIFS(新聞稿資料庫!$E:$E,A9,新聞稿資料庫!$B:$B,"2023") -> 1 | C9: =COUNTIFS(新聞稿資料庫!$E:$E,A9,新聞稿資料庫!$B:$B,"2024") -> 8 | D9: =COUNTIFS(新聞稿資料庫!$E:$E,A9,新聞稿資料庫!$B:$B,"2025") -> 15 | E9: =SUM(B9:D9) -> 24
A10: 青少年性健康 | B10: =COUNTIFS(新聞稿資料庫!$E:$E,A10,新聞稿資料庫!$B:$B,"2023") -> 1 | C10: =COUNTIFS(新聞稿資料庫!$E:$E,A10,新聞稿資料庫!$B:$B,"2024") -> 2 | D10: =COUNTIFS(新聞稿資料庫!$E:$E,A10,新聞稿資料庫!$B:$B,"2025") -> 8 | E10: =SUM(B10:D10) -> 11
A11: 青年參與 | B11: =COUNTIFS(新聞稿資料庫!$E:$E,A11,新聞稿資料庫!$B:$B,"2023") -> 0 | C11: =COUNTIFS(新聞稿資料庫!$E:$E,A11,新聞稿資料庫!$B:$B,"2024") -> 3 | D11: =COUNTIFS(新聞稿資料庫!$E:$E,A11,新聞稿資料庫!$B:$B,"2025") -> 2 | E11: =SUM(B11:D11) -> 5
A12: 合計 | B12: =SUM(B2:B11) -> 17 | C12: =SUM(C2:C11) -> 39 | D12: =SUM(D2:D11) -> 57 | E12: =SUM(E2:E11) -> 113

Sheet 年度月度統計
A1: 月份 | B1: 2023 | C1: 2024 | D1: 2025 | E1: 合計
A2: 1月 | B2: =COUNTIFS(新聞稿資料庫!$B:$B,"2023",新聞稿資料庫!$C:$C,">="&DATE(2023,1,1),新聞稿資料庫!$C:$C,"<"&DATE(2023,1+1,1)) -> 0 | C2: =COUNTIFS(新聞稿資料庫!$B:$B,"2024",新聞稿資料庫!$C:$C,">="&DATE(2024,1,1),新聞稿資料庫!$C:$C,"<"&DATE(2024,1+1,1)) -> 0 | D2: =COUNTIFS(新聞稿資料庫!$B:$B,"2025",新聞稿資料庫!$C:$C,">="&DATE(2025,1,1),新聞稿資料庫!$C:$C,"<"&DATE(2025,1+1,1)) -> 0 | E2: =SUM(B2:D2) -> 0
A3: 2月 | B3: =COUNTIFS(新聞稿資料庫!$B:$B,"2023",新聞稿資料庫!$C:$C,">="&DATE(2023,2,1),新聞稿資料庫!$C:$C,"<"&DATE(2023,2+1,1)) -> 0 | C3: =COUNTIFS(新聞稿資料庫!$B:$B,"2024",新聞稿資料庫!$C:$C,">="&DATE(2024,2,1),新聞稿資料庫!$C:$C,"<"&DATE(2024,2+1,1)) -> 0 | D3: =COUNTIFS(新聞稿資料庫!$B:$B,"2025",新聞稿資料庫!$C:$C,">="&DATE(2025,2,1),新聞稿資料庫!$C:$C,"<"&DATE(2025,2+1,1)) -> 0 | E3: =SUM(B3:D3) -> 0
A4: 3月 | B4: =COUNTIFS(新聞稿資料庫!$B:$B,"2023",新聞稿資料庫!$C:$C,">="&DATE(2023,3,1),新聞稿資料庫!$C:$C,"<"&DATE(2023,3+1,1)) -> 0 | C4: =COUNTIFS(新聞稿資料庫!$B:$B,"2024",新聞稿資料庫!$C:$C,">="&DATE(2024,3,1),新聞稿資料庫!$C:$C,"<"&DATE(2024,3+1,1)) -> 0 | D4: =COUNTIFS(新聞稿資料庫!$B:$B,"2025",新聞稿資料庫!$C:$C,">="&DATE(2025,3,1),新聞稿資料庫!$C:$C,"<"&DATE(2025,3+1,1)) -> 0 | E4: =SUM(B4:D4) -> 0
A5: 4月 | B5: =COUNTIFS(新聞稿資料庫!$B:$B,"2023",新聞稿資料庫!$C:$C,">="&DATE(2023,4,1),新聞稿資料庫!$C:$C,"<"&DATE(2023,4+1,1)) -> 0 | C5: =COUNTIFS(新聞稿資料庫!$B:$B,"2024",新聞稿資料庫!$C:$C,">="&DATE(2024,4,1),新聞稿資料庫!$C:$C,"<"&DATE(2024,4+1,1)) -> 0 | D5: =COUNTIFS(新聞稿資料庫!$B:$B,"2025",新聞稿資料庫!$C:$C,">="&DATE(2025,4,1),新聞稿資料庫!$C:$C,"<"&DATE(2025,4+1,1)) -> 0 | E5: =SUM(B5:D5) -> 0
A6: 5月 | B6: =COUNTIFS(新聞稿資料庫!$B:$B,"2023",新聞稿資料庫!$C:$C,">="&DATE(2023,5,1),新聞稿資料庫!$C:$C,"<"&DATE(2023,5+1,1)) -> 0 | C6: =COUNTIFS(新聞稿資料庫!$B:$B,"2024",新聞稿資料庫!$C:$C,">="&DATE(2024,5,1),新聞稿資料庫!$C:$C,"<"&DATE(2024,5+1,1)) -> 0 | D6: =COUNTIFS(新聞稿資料庫!$B:$B,"2025",新聞稿資料庫!$C:$C,">="&DATE(2025,5,1),新聞稿資料庫!$C:$C,"<"&DATE(2025,5+1,1)) -> 0 | E6: =SUM(B6:D6) -> 0
A7: 6月 | B7: =COUNTIFS(新聞稿資料庫!$B:$B,"2023",新聞稿資料庫!$C:$C,">="&DATE(2023,6,1),新聞稿資料庫!$C:$C,"<"&DATE(2023,6+1,1)) -> 0 | C7: =COUNTIFS(新聞稿資料庫!$B:$B,"2024",新聞稿資料庫!$C:$C,">="&DATE(2024,6,1),新聞稿資料庫!$C:$C,"<"&DATE(2024,6+1,1)) -> 0 | D7: =COUNTIFS(新聞稿資料庫!$B:$B,"2025",新聞稿資料庫!$C:$C,">="&DATE(2025,6,1),新聞稿資料庫!$C:$C,"<"&DATE(2025,6+1,1)) -> 0 | E7: =SUM(B7:D7) -> 0
A8: 7月 | B8: =COUNTIFS(新聞稿資料庫!$B:$B,"2023",新聞稿資料庫!$C:$C,">="&DATE(2023,7,1),新聞稿資料庫!$C:$C,"<"&DATE(2023,7+1,1)) -> 0 | C8: =COUNTIFS(新聞稿資料庫!$B:$B,"2024",新聞稿資料庫!$C:$C,">="&DATE(2024,7,1),新聞稿資料庫!$C:$C,"<"&DATE(2024,7+1,1)) -> 0 | D8: =COUNTIFS(新聞稿資料庫!$B:$B,"2025",新聞稿資料庫!$C:$C,">="&DATE(2025,7,1),新聞稿資料庫!$C:$C,"<"&DATE(2025,7+1,1)) -> 0 | E8: =SUM(B8:D8) -> 0
A9: 8月 | B9: =COUNTIFS(新聞稿資料庫!$B:$B,"2023",新聞稿資料庫!$C:$C,">="&DATE(2023,8,1),新聞稿資料庫!$C:$C,"<"&DATE(2023,8+1,1)) -> 0 | C9: =COUNTIFS(新聞稿資料庫!$B:$B,"2024",新聞稿資料庫!$C:$C,">="&DATE(2024,8,1),新聞稿資料庫!$C:$C,"<"&DATE(2024,8+1,1)) -> 0 | D9: =COUNTIFS(新聞稿資料庫!$B:$B,"2025",新聞稿資料庫!$C:$C,">="&DATE(2025,8,1),新聞稿資料庫!$C:$C,"<"&DATE(2025,8+1,1)) -> 0 | E9: =SUM(B9:D9) -> 0
A10: 9月 | B10: =COUNTIFS(新聞稿資料庫!$B:$B,"2023",新聞稿資料庫!$C:$C,">="&DATE(2023,9,1),新聞稿資料庫!$C:$C,"<"&DATE(2023,9+1,1)) -> 0 | C10: =COUNTIFS(新聞稿資料庫!$B:$B,"2024",新聞稿資料庫!$C:$C,">="&DATE(2024,9,1),新聞稿資料庫!$C:$C,"<"&DATE(2024,9+1,1)) -> 0 | D10: =COUNTIFS(新聞稿資料庫!$B:$B,"2025",新聞稿資料庫!$C:$C,">="&DATE(2025,9,1),新聞稿資料庫!$C:$C,"<"&DATE(2025,9+1,1)) -> 0 | E10: =SUM(B10:D10) -> 0
A11: 10月 | B11: =COUNTIFS(新聞稿資料庫!$B:$B,"2023",新聞稿資料庫!$C:$C,">="&DATE(2023,10,1),新聞稿資料庫!$C:$C,"<"&DATE(2023,10+1,1)) -> 0 | C11: =COUNTIFS(新聞稿資料庫!$B:$B,"2024",新聞稿資料庫!$C:$C,">="&DATE(2024,10,1),新聞稿資料庫!$C:$C,"<"&DATE(2024,10+1,1)) -> 0 | D11: =COUNTIFS(新聞稿資料庫!$B:$B,"2025",新聞稿資料庫!$C:$C,">="&DATE(2025,10,1),新聞稿資料庫!$C:$C,"<"&DATE(2025,10+1,1)) -> 0 | E11: =SUM(B11:D11) -> 0
A12: 11月 | B12: =COUNTIFS(新聞稿資料庫!$B:$B,"2023",新聞稿資料庫!$C:$C,">="&DATE(2023,11,1),新聞稿資料庫!$C:$C,"<"&DATE(2023,11+1,1)) -> 0 | C12: =COUNTIFS(新聞稿資料庫!$B:$B,"2024",新聞稿資料庫!$C:$C,">="&DATE(2024,11,1),新聞稿資料庫!$C:$C,"<"&DATE(2024,11+1,1)) -> 0 | D12: =COUNTIFS(新聞稿資料庫!$B:$B,"2025",新聞稿資料庫!$C:$C,">="&DATE(2025,11,1),新聞稿資料庫!$C:$C,"<"&DATE(2025,11+1,1)) -> 0 | E12: =SUM(B12:D12) -> 0
A13: 12月 | B13: =COUNTIFS(新聞稿資料庫!$B:$B,"2023",新聞稿資料庫!$C:$C,">="&DATE(2023,12,1),新聞稿資料庫!$C:$C,"<"&DATE(2023,12+1,1)) -> 0 | C13: =COUNTIFS(新聞稿資料庫!$B:$B,"2024",新聞稿資料庫!$C:$C,">="&DATE(2024,12,1),新聞稿資料庫!$C:$C,"<"&DATE(2024,12+1,1)) -> 0 | D13: =COUNTIFS(新聞稿資料庫!$B:$B,"2025",新聞稿資料庫!$C:$C,">="&DATE(2025,12,1),新聞稿資料庫!$C:$C,"<"&DATE(2025,12+1,1)) -> 0 | E13: =SUM(B13:D13) -> 0
A14: 合計 | B14: =SUM(B2:B13) -> 0 | C14: =SUM(C2:C13) -> 0 | D14: =SUM(D2:D13) -> 0 | E14: =SUM(E2:E13) -> 0
