Workbook

Sheet 新聞稿資料庫
A1: 國教行動聯盟 2023-2025 新聞稿資料庫
A2: 資料來源：原始新聞稿 ｜ 去重後共 116 篇 ｜ 建表日期：2026/03/06
A4: 編號 | B4: 年度 | C4: 日期 | D4: 標題 | E4: 議題分類 | F4: 次要議題 | G4: 行動類型 | H4: 訴求對象 | I4: 政府回應 | J4: 檔案名
A5: 1 | B5: 2023 | C5: 2023/00/00 | D5: 記者會新聞稿 | E5: 其他 | G5: 記者會 | J5: 記者會新聞稿.docx
A6: 2 | B6: 2023 | C6: 2023/00/00 | D6: 林為洲新聞稿 | E6: 其他 | G6: 新聞稿 | J6: 林為洲新聞稿 .docx
A7: 3 | B7: 2023 | C7: 2023/00/00 | D7: 「預防性騷擾從小開始」記者會新聞稿 | E7: 青少年性健康 | G7: 記者會 | J7: 「預防性騷擾從小開始」記者會新聞稿.docx
A8: 4 | B8: 2023 | C8: 2023/00/00 | D8: 「增加申請入學穩定度，彰顯『得所應得』的公義價值」新聞稿 | E8: 教育政策 | G8: 新聞稿 | J8: 「增加申請入學穩定度，彰顯『得所應得』的公義價值」新聞稿.docx
A9: 5 | B9: 2023 | C9: 2023/00/00 | D9: 政府匆促預告指定菸品健康風險評估辦法 民團強烈要求：避免未 | E9: 菸害防制 | G9: 新聞稿 | J9: [2.21台灣拒菸聯盟 新聞稿]政府匆促預告指定菸品健康風險評估辦法 民團強烈要求：避免未.docx
A10: 6 | B10: 2023 | C10: 2023/00/00 | D10: 菸害防制新法民眾疑問大解惑 聯盟呼籲中央政府確實支持縣市衛 | E10: 菸害防制 | G10: 新聞稿 | J10: [3.17台灣拒菸聯盟新聞稿]菸害防制新法民眾疑問大解惑 聯盟呼籲中央政府確實支持縣市衛.docx
A11: 7 | B11: 2023 | C11: 2023/00/00 | D11: 2024023國教行動聯盟新聞稿「有效預防即時輔導降低霸凌傷害 國教盟與中山大學攜手防制 | E11: 校園安全 | F11: 心理健康 | G11: 新聞稿 | J11: 2024023國教行動聯盟新聞稿「有效預防即時輔導降低霸凌傷害 國教盟與中山大學攜手防制.docx
A12: 8 | B12: 2023 | C12: 2023/01/04 | D12: 新聞稿-會後 | E12: 其他 | G12: 新聞稿 | J12: 20230104新聞稿-會後.docx
A13: 9 | B13: 2023 | C13: 2023/01/04 | D13: 全長聯新聞稿-草稿（文昌修） | E13: 其他 | G13: 新聞稿 | J13: 20230104全長聯新聞稿-草稿（文昌修）.docx
A14: 10 | B14: 2023 | C14: 2023/01/09 | D14: 全長聯新聞稿-草稿（文昌修） | E14: 其他 | G14: 新聞稿 | J14: 20230109全長聯新聞稿-草稿（文昌修）.docx
A15: 11 | B15: 2023 | C15: 2023/01/10 | D15: 「110拒絕菸品載具廣告 搶救下一代 」新聞稿ok | E15: 菸害防制 | G15: 新聞稿 | J15: 20230110「110拒絕菸品載具廣告 搶救下一代 」新聞稿ok.docx
A16: 12 | B16: 2023 | C16: 2023/01/12 | D16: [112.1.12全國家長會長聯盟-台灣拒菸聯盟新聞稿] | E16: 菸害防制 | G16: 新聞稿 | J16: [112.1.12全國家長會長聯盟-台灣拒菸聯盟新聞稿].docx
A17: 13 | B17: 2023 | C17: 2023/01/12 | D17: 新聞稿 | E17: 菸害防制 | G17: 新聞稿 | J17: 112.1.12[全國家長會長聯盟-台灣拒菸聯盟]新聞稿.docx
A18: 14 | B18: 2023 | C18: 2023/01/12 | D18: 修 | E18: 菸害防制 | G18: 新聞稿 | J18: [112.1.12全國家長會長聯盟-台灣拒菸聯盟新聞稿]修.docx
A19: 15 | B19: 2023 | C19: 2023/02/17 | D19: 新聞稿-草稿1 | E19: 菸害防制 | G19: 新聞稿 | J19: 2.17新聞稿-草稿1.docx
A20: 16 | B20: 2023 | C20: 2023/03/02 | D20: 新聞稿-草稿-6 | E20: 菸害防制 | G20: 新聞稿 | J20: 3.2新聞稿-草稿-6.docx
A21: 17 | B21: 2023 | C21: 2023/03/07 | D21: 台灣拒菸聯盟新聞稿符合世界潮流 台灣大專校院全面禁菸ok | E21: 菸害防制 | G21: 新聞稿 | J21: 3.7台灣拒菸聯盟新聞稿符合世界潮流 台灣大專校院全面禁菸ok.docx
A22: 18 | B22: 2023 | C22: 2023/03/25 | D22: 加味菸預告新聞稿OK(1) | E22: 菸害防制 | G22: 新聞稿 | J22: 3.25加味菸預告新聞稿OK(1).docx
A23: 19 | B23: 2023 | C23: 2023/03/27 | D23: 人本教育基金會新聞稿_請政府堅定支援父母，終止暴力複製 | E23: 其他 | G23: 新聞稿 | J23: 20230327人本教育基金會新聞稿_請政府堅定支援父母，終止暴力複製.docx
... A26: 22 | B26: 2023 | C26: 2023/05/04 | D26: 新聞稿草稿 | E26: 菸害防制 | G26: 新聞稿 | J26: 5.4新聞稿草稿.docx
A27: 23 | B27: 2023 | C27: 2023/05/11 | D27: 國教行動聯盟新聞稿「有效預防即時輔導降低霸凌傷害 國教盟與橄欖枝中心攜手防 | E27: 校園安全 | F27: 心理健康 | G27: 新聞稿 | J27: 20230511國教行動聯盟新聞稿「有效預防即時輔導降低霸凌傷害 國教盟與橄欖枝中心攜手防.docx
A28: 24 | B28: 2023 | C28: 2023/05/22 | D28: 台灣拒菸聯盟 新聞稿-草稿 | E28: 菸害防制 | G28: 新聞稿 | J28: 20230522台灣拒菸聯盟 新聞稿-草稿.docx
A29: 25 | B29: 2023 | C29: 2023/05/29 | D29: 新聞稿 | E29: 菸害防制 | G29: 記者會 | J29: 5.29新聞稿.docx
A30: 26 | B30: 2023 | C30: 2023/06/14 | D30: 新聞稿-草4 | E30: 菸害防制 | G30: 新聞稿 | J30: 6.14新聞稿-草4.docx
A31: 27 | B31: 2023 | C31: 2023/06/14 | D31: 新聞稿-台灣拒菸聯盟致函縣市長 力推「高中職以下學校周邊50公尺內拒售加熱菸」 | E31: 菸害防制 | G31: 新聞稿 | J31: 6.14新聞稿-台灣拒菸聯盟致函縣市長 力推「高中職以下學校周邊50公尺內拒售加熱菸」.docx
A32: 28 | B32: 2023 | C32: 2023/06/20 | D32: 國教行動聯盟新聞稿「國教盟呼籲家長信任幼教人員」 | E32: 教育政策 | G32: 新聞稿 | J32: 20230620國教行動聯盟新聞稿「國教盟呼籲家長信任幼教人員」.docx
A33: 29 | B33: 2023 | C33: 2023/06/30 | D33: 國教行動聯盟新聞稿「給他魚吃不如教他釣魚 提升學生競爭力應優先於學費補貼」 | E33: 教育政策 | G33: 新聞稿 | J33: 20230630國教行動聯盟新聞稿「給他魚吃不如教他釣魚 提升學生競爭力應優先於學費補貼」.docx
A34: 30 | B34: 2023 | C34: 2023/07/04 | D34: 國教行動聯盟「支持合理管教，拒絕暴力發飆」新聞稿 | E34: 兒少保護 | G34: 新聞稿 | J34: 20230704：國教行動聯盟「支持合理管教，拒絕暴力發飆」新聞稿.docx
A35: 31 | B35: 2023 | C35: 2023/07/04 | D35: 新聞稿：國教行動聯盟_台灣共善促進協會【正視大麻趨勢與危害，研商保護青少年 | E35: 大麻防制 | G35: 新聞稿 | J35: 20230704新聞稿：國教行動聯盟_台灣共善促進協會【正視大麻趨勢與危害，研商保護青少年.docx
A36: 32 | B36: 2023 | C36: 2023/07/29 | D36: 國教行動聯盟對「性別平等教育法」三讀通過的回應 | E36: 其他 | G36: 新聞稿 | J36: 20230729國教行動聯盟對「性別平等教育法」三讀通過的回應.docx
A37: 33 | B37: 2023 | C37: 2023/08/21 | D37: 國教行動聯盟新聞稿「有效預防即時輔導降低霸凌傷害 國教盟與橄欖枝中心攜手防 | E37: 校園安全 | F37: 心理健康 | G37: 新聞稿 | J37: 20230821國教行動聯盟新聞稿「有效預防即時輔導降低霸凌傷害 國教盟與橄欖枝中心攜手防.docx
A38: 34 | B38: 2023 | C38: 2023/08/31 | D38: 新聞稿：霸凌防制修法配套不足 預防及輔導才是重點 | E38: 校園安全 | F38: 心理健康 | G38: 新聞稿 | J38: 20230831新聞稿：霸凌防制修法配套不足 預防及輔導才是重點.docx
A39: 35 | B39: 2023 | C39: 2023/09/05 | D39: 記者會新聞稿 | E39: 其他 | G39: 記者會 | J39: 9.5記者會新聞稿.docx
A40: 36 | B40: 2023 | C40: 2023/09/06 | D40: 新聞稿 | E40: 其他 | G40: 新聞稿 | J40: 9.6新聞稿.docx
A41: 37 | B41: 2023 | C41: 2023/09/06 | D41: 國教行動聯盟新聞稿「加熱菸審查欠缺嚴格把關與本土研究 青少年將成受害最大族 | E41: 菸害防制 | G41: 新聞稿 | J41: 20230906國教行動聯盟新聞稿「加熱菸審查欠缺嚴格把關與本土研究 青少年將成受害最大族.docx
A42: 38 | B42: 2023 | C42: 2023/09/22 | D42: 台灣拒菸聯盟新聞稿 | E42: 菸害防制 | G42: 新聞稿 | J42: 112.9.22台灣拒菸聯盟新聞稿.docx
A43: 39 | B43: 2023 | C43: 2023/09/25 | D43: 國教行動聯盟新聞稿「國教盟呼籲共同致力師生關係」 | E43: 教育政策 | G43: 新聞稿 | J43: 20230925國教行動聯盟新聞稿「國教盟呼籲共同致力師生關係」.docx
A44: 40 | B44: 2023 | C44: 2023/12/07 | D44: 國教行動聯盟新聞稿「推動友善校園、反霸凌、反歧視，應由增加輔導資源、落實品 | E44: 校園安全 | F44: 心理健康 | G44: 公聽會 | J44: 20231207國教行動聯盟新聞稿「推動友善校園、反霸凌、反歧視，應由增加輔導資源、落實品.docx
A45: 41 | B45: 2023 | C45: 2023/12/11 | D45: 國教行動聯盟新聞稿「北一女教師罵課綱引關注 凸顯品格是教育重中之重」 | E45: 教育政策 | G45: 新聞稿 | J45: 20231211國教行動聯盟新聞稿「北一女教師罵課綱引關注 凸顯品格是教育重中之重」.docx
A46: 42 | B46: 2023 | C46: 2023/12/16 | D46: 新聞稿 | E46: 其他 | G46: 新聞稿 | J46: 20231216新聞稿.docx
A47: 43 | B47: 2023 | C47: 2023/12/20 | D47: 新聞稿 | E47: 其他 | G47: 新聞稿 | J47: 20231220新聞稿.docx
A48: 44 | B48: 2023 | C48: 2023/12/27 | D48: 國教行動聯盟「曝險少年輔導多頭馬車 校園攻擊並非偶然」新聞稿 | E48: 校園安全 | F48: 兒少保護 | G48: 新聞稿 | J48: 20231227：國教行動聯盟「曝險少年輔導多頭馬車 校園攻擊並非偶然」新聞稿.docx
A49: 45 | B49: 2024 | C49: 2024/00/00 | D49: 0104新聞稿與發言重點 | E49: 校園安全 | G49: 新聞稿 | J49: 0104新聞稿與發言重點.docx
A50: 46 | B50: 2024 | C50: 2024/00/00 | D50: 1101221+跨院際「少年事件政策協商平台會議」新聞稿 | E50: 校園安全 | G50: 新聞稿 | J50: 1101221+跨院際「少年事件政策協商平台會議」新聞稿.docx
A51: 47 | B51: 2024 | C51: 2024/01/09 | D51: 國教行動聯盟「補保護漏洞 和黑幫搶人 不讓少年殺人事件再度發生」新聞稿 | E51: 校園安全 | F51: 兒少保護 | G51: 記者會 | J51: 20240109：國教行動聯盟「補保護漏洞 和黑幫搶人 不讓少年殺人事件再度發生」新聞稿.docx
A52: 48 | B52: 2024 | C52: 2024/01/19 | D52: 國教行動聯盟「少年犯罪日益嚴重 新北殺人事件並非偶然」記者會新聞稿 | E52: 校園安全 | G52: 記者會 | J52: 20240119：國教行動聯盟「少年犯罪日益嚴重 新北殺人事件並非偶然」記者會新聞稿.docx
A53: 49 | B53: 2024 | C53: 2024/03/19 | D53: 國教行動聯盟「少保官未見檢討 曝險少年定義狹隘 中介教育空中樓閣 是真心檢 | E53: 校園安全 | F53: 兒少保護 | G53: 新聞稿 | J53: 20240319：國教行動聯盟「少保官未見檢討 曝險少年定義狹隘 中介教育空中樓閣 是真心檢.docx
A54: 50 | B54: 2024 | C54: 2024/04/17 | D54: 新聞稿：國教盟回應霸凌準則修正：肯定教育部勇於面對問題 回應民間團體訴求 積 | E54: 校園安全 | G54: 新聞稿 | J54: 20240417新聞稿：國教盟回應霸凌準則修正：肯定教育部勇於面對問題 回應民間團體訴求 積.docx
A55: 51 | B55: 2024 | C55: 2024/04/24 | D55: 新聞稿：回應學生輔導法修法 國教盟提出三大訴求 | E55: 校園安全 | F55: 心理健康 | G55: 新聞稿 | J55: 20240424新聞稿：回應學生輔導法修法 國教盟提出三大訴求.docx
A56: 52 | B56: 2024 | C56: 2024/07/09 | D56: 國教行動聯盟新聞稿「國教盟肯定學生輔導法修法符合期待 預期將有助學生心理健 | E56: 校園安全 | F56: 心理健康 | G56: 新聞稿 | J56: 20240709國教行動聯盟新聞稿「國教盟肯定學生輔導法修法符合期待 預期將有助學生心理健.docx
A57: 53 | B57: 2024 | C57: 2024/08/30 | D57: 國教行動聯盟「建請確實檢討少年事件處理暨保護制度」記者會新聞稿 | E57: 校園安全 | G57: 記者會 | J57: 20240830國教行動聯盟「建請確實檢討少年事件處理暨保護制度」記者會新聞稿.docx
A58: 54 | B58: 2024 | C58: 2024/08/30 | D58: 記者會新聞稿二稿 | E58: 校園安全 | G58: 記者會 | J58: 20240830記者會新聞稿二稿.docx
A59: 55 | B59: 2024 | C59: 2024/09/20 | D59: 國教行動聯盟「新北割頸案凸顯少保調查官角色衝突」記者會新聞稿 | E59: 校園安全 | F59: 兒少保護 | G59: 記者會 | J59: 20240920國教行動聯盟「新北割頸案凸顯少保調查官角色衝突」記者會新聞稿.docx
A60: 56 | B60: 2024 | C60: 2024/09/30 | D60: 國教行動聯盟「悲劇不是意外，系統早已失靈！ 」陳情行動記者會新聞稿 | E60: 校園安全 | G60: 記者會 | J60: 20240930國教行動聯盟「悲劇不是意外，系統早已失靈！ 」陳情行動記者會新聞稿.docx
A61: 57 | B61: 2024 | C61: 2024/11/22 | D61: 國教行動聯盟新聞稿 | E61: 校園安全 | G61: 新聞稿 | J61: 20241122國教行動聯盟新聞稿.docx
A62: 58 | B62: 2025 | C62: 2025/01/02 | D62: 落實「健康台灣」願景 保障兒童健康未來 | E62: 教育政策 | G62: 陳情 | H62: 教育部、衛福部、行政院 | I62: 有 | J62: 20250102_「全國教育團體聯合呼籲應重新啟動生生喝國產乳計畫.docx
A63: 59 | B63: 2025 | C63: 2025/01/09 | D63: 公聽會家長聲音缺席，如何落實兒童最佳利益？ | E63: 兒少保護 | G63: 公聽會 | H63: 立法院 | J63: 20250109_公聽會家長聲音缺席如何落實兒童最佳利益.docx
A64: 60 | B64: 2025 | C64: 2025/01/10 | D64: 菸防法修法兩週年 台灣加熱菸、加味菸管制陷入困境！ | E64: 菸害防制 | G64: 記者會 | H64: 衛福部、國健署、立法院 | J64: 20250110_菸防法修法兩週年台灣加熱菸、加味菸管制陷入困境.docx
A65: 61 | B65: 2025 | C65: 2025/01/13 | D65: 青少年每10萬人有50.34人感染 12年來淋病暴增七倍 | E65: 青少年性健康 | G65: 新聞稿 | H65: 衛福部 | J65: 20250113_青少年每10萬人有50.34人感染 12年來淋病暴.docx
A66: 62 | B66: 2025 | C66: 2025/01/15 | D66: 「優生保健法」40週年 「龍年效應」卻首次失靈 | E66: 青少年性健康 | G66: 記者會 | H66: 衛福部 | J66: 20250115_台灣懷孕婦女關懷協會「優生保健法40週年 龍年效應.docx
A67: 63 | B67: 2025 | C67: 2025/01/15 | D67: 青少女梅毒病例10年增長53倍，性病低齡化問題浮現 | E67: 青少年性健康 | G67: 公聽會 | H67: 教育部、衛福部、立法院 | J67: 20250115_青少女梅毒成長53倍.docx
A68: 64 | B68: 2025 | C68: 2025/01/17 | D68: 小學三年級染性病是怎麼回事？ | E68: 青少年性健康 | G68: 新聞稿 | H68: 教育部、衛福部 | J68: 20250117_小學三年級染性病是怎麼回事.docx
A69: 65 | B69: 2025 | C69: 2025/01/20 | D69: 台灣性教育學會、華人情感教育發展協會、國教行動聯盟 | E69: 青少年性健康 | G69: 新聞稿 | H69: 衛福部、立法院 | J69: 20250120_2024台灣十大性與情感教育新聞事件.docx
A70: 66 | B70: 2025 | C70: 2025/01/21 | D70: 全台首次！8743份問卷揭示「這世代的心聲」! | E70: 校園安全 | F70: 青年參與 | G70: 新聞稿 | J70: 20250121_全台首次8743份問卷揭示這世代的心聲.docx
A71: 67 | B71: 2025 | C71: 2025/01/21 | D71: 全台首次！？「2025臺灣青少年最關心的十大議題」震撼揭曉———改變，從傾聽開始 | E71: 青年參與 | G71: 記者會 | J71: 20250121_青少年最關心的十大議題.docx
A72: 68 | B72: 2025 | C72: 2025/01/26 | D72: 年節出國帶加熱菸回台 自用送禮代購都違法 | E72: 菸害防制 | G72: 新聞稿 | J72: 20250126_年節出國帶加熱菸回台_自用送禮代購都違法.docx
A73: 69 | B73: 2025 | C73: 2025/02/13 | D73: 徒法不足以自行 兒少權法修法恐適得其反？ | E73: 兒少保護 | G73: 公聽會 | H73: 法務部、立法院 | J73: 20250213_徒法不足以自行兒少權法修法恐適得其反.docx
A74: 70 | B74: 2025 | C74: 2025/02/20 | D74: 兒少權修法應具體回應青少年需求 | E74: 菸害防制 | F74: 青少年性健康 | G74: 公聽會 | H74: 教育部、立法院 | J74: 20250220_兒少權修法應具體回應青少年需求.docx
A75: 71 | B75: 2025 | C75: 2025/03/06 | D75: 電子煙修法仍存漏洞 校園喪屍煙彈難擋 | E75: 菸害防制 | G75: 新聞稿 | H75: 衛福部、行政院 | J75: 20250306_電子煙修法仍存漏洞校園喪屍煙彈難擋.docx
A76: 72 | B76: 2025 | C76: 2025/03/07 | D76: 「青少女梅毒成長53倍、淋病暴增7倍，政府還想開放事後避孕藥？」 | E76: 青少年性健康 | G76: 新聞稿 | H76: 衛福部 | J76: 20250307_青少女梅毒成長53倍、淋病暴增7倍政府還想開放.docx
A77: 73 | B77: 2025 | C77: 2025/03/07 | D77: 會後照片及資料：https://reurl.cc/RerXgG | E77: 菸害防制 | G77: 新聞稿 | H77: 衛福部、國健署、行政院 | J77: 20250307_台灣拒菸聯盟.docx
A78: 74 | B78: 2025 | C78: 2025/03/17 | D78: 情緒障礙飆升41%！國教盟籲校園手機使用聚焦內容管理、培養學生數位韌性 | E78: 校園安全 | F78: 心理健康 | G78: 新聞稿 | H78: 教育部、衛福部、行政院 | J78: 20250317_情緒障礙飆升41%國教盟籲校園手機使用聚焦內容管.docx
A79: 75 | B79: 2025 | C79: 2025/03/24 | D79: 早療通報再創新高 療育量能遠遠不足 | E79: 早期療育 | G79: 新聞稿 | H79: 衛福部 | J79: 20250324_早療通報再創新高療育量能遠遠不足.docx
A80: 76 | B80: 2025 | C80: 2025/04/23 | D80: 「423嬰兒 兒童 青少年 精神衛生日」 | E80: 心理健康 | G80: 新聞稿 | H80: 教育部、衛福部、國健署 | J80: 20250423_423嬰兒 兒童 青少年 精神健康日」國教行動聯盟.docx
A81: 77 | B81: 2025 | C81: 2025/04/24 | D81: 青少年說：我們不想再被毒駕撞傷！ | E81: 菸害防制 | F81: 校園安全 | G81: 新聞稿 | H81: 衛福部、立法院 | J81: 20250424_青年部康橋事件.docx
A82: 78 | B82: 2025 | C82: 2025/04/30 | D82: 『看見不同，孩子的未來不是病名』 | E82: 心理健康 | G82: 新聞稿 | H82: 教育部、衛福部、立法院 | J82: 20250430_看見不同孩子的未來不是病名.docx
A83: 79 | B83: 2025 | C83: 2025/04/30 | D83: 青少年說：我們不想再被毒駕撞傷！ | E83: 菸害防制 | F83: 校園安全 | G83: 新聞稿 | H83: 衛福部、立法院 | J83: 20250430_看見孩子不同的需要.docx
A84: 80 | B84: 2025 | C84: 2025/05/14 | D84: 共同跨域網絡守護青少年身心與數位健康 | E84: 教育政策 | G84: 新聞稿 | H84: 教育部 | J84: 20250514_共同跨域網絡守護青少年身心與數位健康.docx
A85: 81 | B85: 2025 | C85: 2025/05/22 | D85: 92%民意怒吼、每年20幼童枉死！國教盟揭8,700份調查 籲修法『終身監禁不得假釋＋強制治療』 | E85: 兒少保護 | F85: 心理健康 | G85: 新聞稿 | H85: 立法院 | I85: 有 | J85: 20250522_兒虐修法終身監禁不得假釋.docx
A86: 82 | B86: 2025 | C86: 2025/05/26 | D86: 世界無菸日 青年行動劇揭露「菸商最常用的3大行銷伎倆」! | E86: 菸害防制 | F86: 青年參與 | G86: 記者會 | H86: 國健署 | J86: 20250526_世界無菸日青年行動劇揭露菸商最常用的3大行銷伎.docx
A87: 83 | B87: 2025 | C87: 2025/05/29 | D87: 健康促進學校邊緣化性健康 造成青少年性病飆升 | E87: 青少年性健康 | G87: 新聞稿 | H87: 教育部、衛福部 | J87: 20250529_健康促進學校邊緣化性健康_正式版.docx
A88: 84 | B88: 2025 | C88: 2025/06/02 | D88: 國際七國專家齊聚聚焦毒品危機 | E88: 菸害防制 | F88: 心理健康 | G88: 新聞稿 | H88: 教育部 | J88: 20250602_國際七國專家齊聚聚焦毒品危機.docx
A89: 85 | B89: 2025 | C89: 2025/06/03 | D89: 七國專家聚焦毒品危機 大麻與依托咪酯威脅台灣青少年 | E89: 菸害防制 | G89: 新聞稿 | H89: 教育部 | J89: 20250603_七國專家聚焦毒品危機大麻與依托咪酯威脅台灣青少年.docx
A90: 86 | B90: 2025 | C90: 2025/06/05 | D90: 學習歷程採計不該成為考驗信任的軍備競賽！ | E90: 教育政策 | G90: 新聞稿 | H90: 教育部、立法院 | I90: 有 | J90: 20250605_學習歷程採計不該成為軍備競賽.docx
A91: 87 | B91: 2025 | C91: 2025/06/21 | D91: 2025台灣青少年神經多樣性生活導師國際研討會登場 從理解到實踐，創造台灣在地的青少年神經多樣性支持制度 | E91: 心理健康 | G91: 論壇 | I91: 有 | J91: 20250621_台灣青少年神經多樣性國際研討會.docx
A92: 88 | B92: 2025 | C92: 2025/07/11 | D92: 構築未來：打造「兒少家庭部」 跨部治理與政策整合藍圖 論壇 | E92: 兒少保護 | G92: 論壇 | H92: 衛福部、行政院 | I92: 有 | J92: 20250711_打造「兒少家庭部」藍圖論壇.docx
A93: 89 | B93: 2025 | C93: 2025/07/23 | D93: 逾八成愛奇兒暑期學習斷線 | E93: 其他 | G93: 新聞稿 | H93: 衛福部 | J93: 20250723_逾八成愛奇兒暑期學習斷線.docx
A94: 90 | B94: 2025 | C94: 2025/07/31 | D94: 沒有暑假的未成年（兒少）照顧者—3%孩子獨力照顧、82%感孤單，教育部衛福部須即刻行動 | E94: 青年參與 | G94: 新聞稿 | H94: 教育部、衛福部、行政院 | J94: 20250731_沒有暑假的未成年兒少照顧者—3%孩子獨力照顧、.docx
A95: 91 | B95: 2025 | C95: 2025/08/18 | D95: Google加熱菸到處廣告都可買？！ | E95: 菸害防制 | G95: 新聞稿 | H95: 衛福部、國健署 | J95: 20250818_20250818台灣拒菸聯盟新聞稿.docx
A96: 92 | B96: 2025 | C96: 2025/08/19 | D96: 從「精液豆漿」到「偽CSE」：教育部開學前把風險帶進教室？ | E96: 青少年性健康 | G96: 新聞稿 | H96: 教育部 | J96: 20250819_從精液豆漿到偽CSE教育部開學前把風險帶.docx
A97: 93 | B97: 2025 | C97: 2025/08/26 | D97: 主動聆聽值得肯定—被慰留後的教育部長2.0是否決心改變？ | E97: 青少年性健康 | G97: 座談會 | H97: 教育部 | J97: 20250826_主動聆聽值得肯定—被慰留後的教育部長20是否決心.docx
A98: 94 | B98: 2025 | C98: 2025/08/28 | D98: 「務實、傾聽」-對新內閣閣員提出三點期待 | E98: 兒少保護 | G98: 新聞稿 | H98: 教育部、衛福部、行政院 | J98: 20250828_務實、傾聽-對新內閣閣員提出三點期待.docx
A99: 95 | B99: 2025 | C99: 2025/09/15 | D99: 「延後上學不能只改鐘點」：國教盟主張以課綱、配套與家長需求一併檢討 | E99: 心理健康 | G99: 新聞稿 | H99: 教育部 | J99: 20250915_延後上學不能只改鐘點國教盟主張以課綱、配套與.docx
A100: 96 | B100: 2025 | C100: 2025/09/26 | D100: 表單變少了嗎？成效要對表！ | E100: 校園安全 | F100: 心理健康 | G100: 新聞稿 | H100: 教育部 | I100: 有 | J100: 20250926_表單變少了嗎成效要對表.docx
A101: 97 | B101: 2025 | C101: 2025/10/09 | D101: 加熱菸將販售 預估14萬年輕人淪陷? 請問政府配套? | E101: 菸害防制 | G101: 新聞稿 | H101: 衛福部、國健署 | J101: 20251009_OK(不含復件)).docx
A102: 98 | B102: 2025 | C102: 2025/10/10 | D102: 世界心理健康日： | E102: 心理健康 | G102: 新聞稿 | H102: 教育部、衛福部 | J102: 20251010_肯定政策進步呼籲災後情緒危機處理成為政府標配.docx
A103: 99 | B103: 2025 | C103: 2025/10/14 | D103: 難道真要先上車、後補票？加熱菸別成為全民的「寧靜車廂」 | E103: 菸害防制 | G103: 新聞稿 | H103: 行政院 | I103: 有 | J103: 20251014_難道真要先上車、後補票加熱菸別成為全民的寧靜車.docx
...

Sheet 議題追蹤總覽
A1: 國教行動聯盟 議題追蹤總覽（2023-2025）
A2: 自動統計 ｜ 黃底欄位為手動填寫
A4: 議題 | B4: 2023年 | C4: 2024年 | D4: 2025年 | E4: 總計 | F4: 記者會/公聽會 | G4: 有政府回應 | H4: 倡議現況 | I4: 下一步行動
A5: 菸害防制 | B5: =COUNTIFS(新聞稿資料庫!E5:E120,A5,新聞稿資料庫!B5:B120,"2023") -> 18 | C5: =COUNTIFS(新聞稿資料庫!E5:E120,A5,新聞稿資料庫!B5:B120,"2024") -> 0 | D5: =COUNTIFS(新聞稿資料庫!E5:E120,A5,新聞稿資料庫!B5:B120,"2025") -> 18 | E5: =SUM(B5:D5) -> 36 | F5: =COUNTIFS(新聞稿資料庫!E5:E120,A5,新聞稿資料庫!G5:G120,"<>新聞稿") -> 4 | G5: =COUNTIFS(新聞稿資料庫!E5:E120,A5,新聞稿資料庫!I5:I120,"有") -> 1
A6: 校園安全 | B6: =COUNTIFS(新聞稿資料庫!E5:E120,A6,新聞稿資料庫!B5:B120,"2023") -> 6 | C6: =COUNTIFS(新聞稿資料庫!E5:E120,A6,新聞稿資料庫!B5:B120,"2024") -> 13 | D6: =COUNTIFS(新聞稿資料庫!E5:E120,A6,新聞稿資料庫!B5:B120,"2025") -> 8 | E6: =SUM(B6:D6) -> 27 | F6: =COUNTIFS(新聞稿資料庫!E5:E120,A6,新聞稿資料庫!G5:G120,"<>新聞稿") -> 7 | G6: =COUNTIFS(新聞稿資料庫!E5:E120,A6,新聞稿資料庫!I5:I120,"有") -> 1
A7: 青少年性健康 | B7: =COUNTIFS(新聞稿資料庫!E5:E120,A7,新聞稿資料庫!B5:B120,"2023") -> 1 | C7: =COUNTIFS(新聞稿資料庫!E5:E120,A7,新聞稿資料庫!B5:B120,"2024") -> 0 | D7: =COUNTIFS(新聞稿資料庫!E5:E120,A7,新聞稿資料庫!B5:B120,"2025") -> 11 | E7: =SUM(B7:D7) -> 12 | F7: =COUNTIFS(新聞稿資料庫!E5:E120,A7,新聞稿資料庫!G5:G120,"<>新聞稿") -> 4 | G7: =COUNTIFS(新聞稿資料庫!E5:E120,A7,新聞稿資料庫!I5:I120,"有") -> 1
A8: 兒少保護 | B8: =COUNTIFS(新聞稿資料庫!E5:E120,A8,新聞稿資料庫!B5:B120,"2023") -> 2 | C8: =COUNTIFS(新聞稿資料庫!E5:E120,A8,新聞稿資料庫!B5:B120,"2024") -> 0 | D8: =COUNTIFS(新聞稿資料庫!E5:E120,A8,新聞稿資料庫!B5:B120,"2025") -> 6 | E8: =SUM(B8:D8) -> 8 | F8: =COUNTIFS(新聞稿資料庫!E5:E120,A8,新聞稿資料庫!G5:G120,"<>新聞稿") -> 4 | G8: =COUNTIFS(新聞稿資料庫!E5:E120,A8,新聞稿資料庫!I5:I120,"有") -> 3
A9: 教育政策 | B9: =COUNTIFS(新聞稿資料庫!E5:E120,A9,新聞稿資料庫!B5:B120,"2023") -> 5 | C9: =COUNTIFS(新聞稿資料庫!E5:E120,A9,新聞稿資料庫!B5:B120,"2024") -> 0 | D9: =COUNTIFS(新聞稿資料庫!E5:E120,A9,新聞稿資料庫!B5:B120,"2025") -> 4 | E9: =SUM(B9:D9) -> 9 | F9: =COUNTIFS(新聞稿資料庫!E5:E120,A9,新聞稿資料庫!G5:G120,"<>新聞稿") -> 1 | G9: =COUNTIFS(新聞稿資料庫!E5:E120,A9,新聞稿資料庫!I5:I120,"有") -> 3
A10: 心理健康 | B10: =COUNTIFS(新聞稿資料庫!E5:E120,A10,新聞稿資料庫!B5:B120,"2023") -> 0 | C10: =COUNTIFS(新聞稿資料庫!E5:E120,A10,新聞稿資料庫!B5:B120,"2024") -> 0 | D10: =COUNTIFS(新聞稿資料庫!E5:E120,A10,新聞稿資料庫!B5:B120,"2025") -> 6 | E10: =SUM(B10:D10) -> 6 | F10: =COUNTIFS(新聞稿資料庫!E5:E120,A10,新聞稿資料庫!G5:G120,"<>新聞稿") -> 1 | G10: =COUNTIFS(新聞稿資料庫!E5:E120,A10,新聞稿資料庫!I5:I120,"有") -> 1
A11: 青年參與 | B11: =COUNTIFS(新聞稿資料庫!E5:E120,A11,新聞稿資料庫!B5:B120,"2023") -> 0 | C11: =COUNTIFS(新聞稿資料庫!E5:E120,A11,新聞稿資料庫!B5:B120,"2024") -> 0 | D11: =COUNTIFS(新聞稿資料庫!E5:E120,A11,新聞稿資料庫!B5:B120,"2025") -> 3 | E11: =SUM(B11:D11) -> 3 | F11: =COUNTIFS(新聞稿資料庫!E5:E120,A11,新聞稿資料庫!G5:G120,"<>新聞稿") -> 1 | G11: =COUNTIFS(新聞稿資料庫!E5:E120,A11,新聞稿資料庫!I5:I120,"有") -> 0
A12: 大麻防制 | B12: =COUNTIFS(新聞稿資料庫!E5:E120,A12,新聞稿資料庫!B5:B120,"2023") -> 1 | C12: =COUNTIFS(新聞稿資料庫!E5:E120,A12,新聞稿資料庫!B5:B120,"2024") -> 0 | D12: =COUNTIFS(新聞稿資料庫!E5:E120,A12,新聞稿資料庫!B5:B120,"2025") -> 0 | E12: =SUM(B12:D12) -> 1 | F12: =COUNTIFS(新聞稿資料庫!E5:E120,A12,新聞稿資料庫!G5:G120,"<>新聞稿") -> 0 | G12: =COUNTIFS(新聞稿資料庫!E5:E120,A12,新聞稿資料庫!I5:I120,"有") -> 0
A13: 人工生殖 | B13: =COUNTIFS(新聞稿資料庫!E5:E120,A13,新聞稿資料庫!B5:B120,"2023") -> 0 | C13: =COUNTIFS(新聞稿資料庫!E5:E120,A13,新聞稿資料庫!B5:B120,"2024") -> 0 | D13: =COUNTIFS(新聞稿資料庫!E5:E120,A13,新聞稿資料庫!B5:B120,"2025") -> 1 | E13: =SUM(B13:D13) -> 1 | F13: =COUNTIFS(新聞稿資料庫!E5:E120,A13,新聞稿資料庫!G5:G120,"<>新聞稿") -> 0 | G13: =COUNTIFS(新聞稿資料庫!E5:E120,A13,新聞稿資料庫!I5:I120,"有") -> 0
A14: 早期療育 | B14: =COUNTIFS(新聞稿資料庫!E5:E120,A14,新聞稿資料庫!B5:B120,"2023") -> 0 | C14: =COUNTIFS(新聞稿資料庫!E5:E120,A14,新聞稿資料庫!B5:B120,"2024") -> 0 | D14: =COUNTIFS(新聞稿資料庫!E5:E120,A14,新聞稿資料庫!B5:B120,"2025") -> 1 | E14: =SUM(B14:D14) -> 1 | F14: =COUNTIFS(新聞稿資料庫!E5:E120,A14,新聞稿資料庫!G5:G120,"<>新聞稿") -> 0 | G14: =COUNTIFS(新聞稿資料庫!E5:E120,A14,新聞稿資料庫!I5:I120,"有") -> 0
A15: 其他 | B15: =COUNTIFS(新聞稿資料庫!E5:E120,A15,新聞稿資料庫!B5:B120,"2023") -> 11 | C15: =COUNTIFS(新聞稿資料庫!E5:E120,A15,新聞稿資料庫!B5:B120,"2024") -> 0 | D15: =COUNTIFS(新聞稿資料庫!E5:E120,A15,新聞稿資料庫!B5:B120,"2025") -> 1 | E15: =SUM(B15:D15) -> 12 | F15: =COUNTIFS(新聞稿資料庫!E5:E120,A15,新聞稿資料庫!G5:G120,"<>新聞稿") -> 2 | G15: =COUNTIFS(新聞稿資料庫!E5:E120,A15,新聞稿資料庫!I5:I120,"有") -> 0
A16: 合計 | B16: =SUM(B5:B15) -> 44 | C16: =SUM(C5:C15) -> 13 | D16: =SUM(D5:D15) -> 59 | E16: =SUM(E5:E15) -> 116 | F16: =SUM(F5:F15) -> 24 | G16: =SUM(G5:G15) -> 10

Sheet 年度月度統計
A1: 年度月度倡議統計（2023-2025）
A3: 月份 | B3: 2023年 | C3: 2024年 | D3: 2025年 | E3: 合計
A4: 01月 | B4: =COUNTIFS(新聞稿資料庫!B5:B120,"2023",新聞稿資料庫!C5:C120,"2023/01/*") -> 7 | C4: =COUNTIFS(新聞稿資料庫!B5:B120,"2024",新聞稿資料庫!C5:C120,"2024/01/*") -> 2 | D4: =COUNTIFS(新聞稿資料庫!B5:B120,"2025",新聞稿資料庫!C5:C120,"2025/01/*") -> 11 | E4: =SUM(B4:D4) -> 20
A5: 02月 | B5: =COUNTIFS(新聞稿資料庫!B5:B120,"2023",新聞稿資料庫!C5:C120,"2023/02/*") -> 1 | C5: =COUNTIFS(新聞稿資料庫!B5:B120,"2024",新聞稿資料庫!C5:C120,"2024/02/*") -> 0 | D5: =COUNTIFS(新聞稿資料庫!B5:B120,"2025",新聞稿資料庫!C5:C120,"2025/02/*") -> 2 | E5: =SUM(B5:D5) -> 3
A6: 03月 | B6: =COUNTIFS(新聞稿資料庫!B5:B120,"2023",新聞稿資料庫!C5:C120,"2023/03/*") -> 5 | C6: =COUNTIFS(新聞稿資料庫!B5:B120,"2024",新聞稿資料庫!C5:C120,"2024/03/*") -> 1 | D6: =COUNTIFS(新聞稿資料庫!B5:B120,"2025",新聞稿資料庫!C5:C120,"2025/03/*") -> 5 | E6: =SUM(B6:D6) -> 11
A7: 04月 | B7: =COUNTIFS(新聞稿資料庫!B5:B120,"2023",新聞稿資料庫!C5:C120,"2023/04/*") -> 0 | C7: =COUNTIFS(新聞稿資料庫!B5:B120,"2024",新聞稿資料庫!C5:C120,"2024/04/*") -> 2 | D7: =COUNTIFS(新聞稿資料庫!B5:B120,"2025",新聞稿資料庫!C5:C120,"2025/04/*") -> 4 | E7: =SUM(B7:D7) -> 6
A8: 05月 | B8: =COUNTIFS(新聞稿資料庫!B5:B120,"2023",新聞稿資料庫!C5:C120,"2023/05/*") -> 5 | C8: =COUNTIFS(新聞稿資料庫!B5:B120,"2024",新聞稿資料庫!C5:C120,"2024/05/*") -> 0 | D8: =COUNTIFS(新聞稿資料庫!B5:B120,"2025",新聞稿資料庫!C5:C120,"2025/05/*") -> 4 | E8: =SUM(B8:D8) -> 9
A9: 06月 | B9: =COUNTIFS(新聞稿資料庫!B5:B120,"2023",新聞稿資料庫!C5:C120,"2023/06/*") -> 4 | C9: =COUNTIFS(新聞稿資料庫!B5:B120,"2024",新聞稿資料庫!C5:C120,"2024/06/*") -> 0 | D9: =COUNTIFS(新聞稿資料庫!B5:B120,"2025",新聞稿資料庫!C5:C120,"2025/06/*") -> 4 | E9: =SUM(B9:D9) -> 8
A10: 07月 | B10: =COUNTIFS(新聞稿資料庫!B5:B120,"2023",新聞稿資料庫!C5:C120,"2023/07/*") -> 3 | C10: =COUNTIFS(新聞稿資料庫!B5:B120,"2024",新聞稿資料庫!C5:C120,"2024/07/*") -> 1 | D10: =COUNTIFS(新聞稿資料庫!B5:B120,"2025",新聞稿資料庫!C5:C120,"2025/07/*") -> 3 | E10: =SUM(B10:D10) -> 7
A11: 08月 | B11: =COUNTIFS(新聞稿資料庫!B5:B120,"2023",新聞稿資料庫!C5:C120,"2023/08/*") -> 2 | C11: =COUNTIFS(新聞稿資料庫!B5:B120,"2024",新聞稿資料庫!C5:C120,"2024/08/*") -> 2 | D11: =COUNTIFS(新聞稿資料庫!B5:B120,"2025",新聞稿資料庫!C5:C120,"2025/08/*") -> 4 | E11: =SUM(B11:D11) -> 8
A12: 09月 | B12: =COUNTIFS(新聞稿資料庫!B5:B120,"2023",新聞稿資料庫!C5:C120,"2023/09/*") -> 5 | C12: =COUNTIFS(新聞稿資料庫!B5:B120,"2024",新聞稿資料庫!C5:C120,"2024/09/*") -> 2 | D12: =COUNTIFS(新聞稿資料庫!B5:B120,"2025",新聞稿資料庫!C5:C120,"2025/09/*") -> 2 | E12: =SUM(B12:D12) -> 9
A13: 10月 | B13: =COUNTIFS(新聞稿資料庫!B5:B120,"2023",新聞稿資料庫!C5:C120,"2023/10/*") -> 0 | C13: =COUNTIFS(新聞稿資料庫!B5:B120,"2024",新聞稿資料庫!C5:C120,"2024/10/*") -> 0 | D13: =COUNTIFS(新聞稿資料庫!B5:B120,"2025",新聞稿資料庫!C5:C120,"2025/10/*") -> 7 | E13: =SUM(B13:D13) -> 7
A14: 11月 | B14: =COUNTIFS(新聞稿資料庫!B5:B120,"2023",新聞稿資料庫!C5:C120,"2023/11/*") -> 0 | C14: =COUNTIFS(新聞稿資料庫!B5:B120,"2024",新聞稿資料庫!C5:C120,"2024/11/*") -> 1 | D14: =COUNTIFS(新聞稿資料庫!B5:B120,"2025",新聞稿資料庫!C5:C120,"2025/11/*") -> 6 | E14: =SUM(B14:D14) -> 7
A15: 12月 | B15: =COUNTIFS(新聞稿資料庫!B5:B120,"2023",新聞稿資料庫!C5:C120,"2023/12/*") -> 5 | C15: =COUNTIFS(新聞稿資料庫!B5:B120,"2024",新聞稿資料庫!C5:C120,"2024/12/*") -> 0 | D15: =COUNTIFS(新聞稿資料庫!B5:B120,"2025",新聞稿資料庫!C5:C120,"2025/12/*") -> 7 | E15: =SUM(B15:D15) -> 12
A16: 合計 | B16: =SUM(B4:B15) -> 37 | C16: =SUM(C4:C15) -> 11 | D16: =SUM(D4:D15) -> 59 | E16: =SUM(E4:E15) -> 107
